<?xml version="1.0"?>
<doc>
    <assembly>
        <name>Skybrud.Umbraco.Dashboard</name>
    </assembly>
    <members>
        <member name="T:Skybrud.Umbraco.Dashboard.Models.Analytics.Selection.DashboardAnalyticsSiteSelection">
            <summary>
            Class describing an Analytics site selection.
            </summary>
        </member>
        <member name="T:Skybrud.Umbraco.Dashboard.Models.Json.DashboardJsonObject">
            <summary>
            Class representing a basic object derived from an instance of <see cref="P:Skybrud.Umbraco.Dashboard.Models.Json.DashboardJsonObject.JObject"/>.
            </summary>
        </member>
        <member name="M:Skybrud.Umbraco.Dashboard.Models.Json.DashboardJsonObject.#ctor(Newtonsoft.Json.Linq.JObject)">
            <summary>
            Initializes a new instance from the specified <code>obj</code>.
            </summary>
            <param name="obj">The instance of <see cref="P:Skybrud.Umbraco.Dashboard.Models.Json.DashboardJsonObject.JObject"/> representing the object.</param>
        </member>
        <member name="P:Skybrud.Umbraco.Dashboard.Models.Json.DashboardJsonObject.JObject">
            <summary>
            Gets a reference to the internal <see cref="P:Skybrud.Umbraco.Dashboard.Models.Json.DashboardJsonObject.JObject"/> the object was created from.
            </summary>
        </member>
        <member name="P:Skybrud.Umbraco.Dashboard.Models.Analytics.Selection.DashboardAnalyticsSiteSelection.User">
            <summary>
            Gets a reference to the Google user of the selection.
            </summary>
        </member>
        <member name="P:Skybrud.Umbraco.Dashboard.Models.Analytics.Selection.DashboardAnalyticsSiteSelection.Account">
            <summary>
            Gets a reference to the Analytics account of the selection.
            </summary>
        </member>
        <member name="P:Skybrud.Umbraco.Dashboard.Models.Analytics.Selection.DashboardAnalyticsSiteSelection.WebProperty">
            <summary>
            Gets a reference to the web property of the selection.
            </summary>
        </member>
        <member name="P:Skybrud.Umbraco.Dashboard.Models.Analytics.Selection.DashboardAnalyticsSiteSelection.Profile">
            <summary>
            Gets a reference to the Analytics profile of the selection.
            </summary>
        </member>
        <member name="P:Skybrud.Umbraco.Dashboard.Models.Analytics.Selection.DashboardAnalyticsSiteSelection.HasValue">
            <summary>
            Gets whether the selection has a value.
            </summary>
        </member>
        <member name="P:Skybrud.Umbraco.Dashboard.Models.Analytics.Selection.DashboardAnalyticsSiteSelectionAccount.Id">
            <summary>
            Gets the ID of the Analytics account.
            </summary>
        </member>
        <member name="P:Skybrud.Umbraco.Dashboard.Models.Analytics.Selection.DashboardAnalyticsSiteSelectionAccount.Name">
            <summary>
            Gets the name of the Analytics account.
            </summary>
        </member>
        <member name="T:Skybrud.Umbraco.Dashboard.Models.Analytics.Selection.DashboardAnalyticsSiteSelectionUser">
            <summary>
            Class describing the Google user of an Analytics site selection.
            </summary>
        </member>
        <member name="P:Skybrud.Umbraco.Dashboard.Models.Analytics.Selection.DashboardAnalyticsSiteSelectionUser.Id">
            <summary>
            Gets the ID of the Google user.
            </summary>
        </member>
        <member name="P:Skybrud.Umbraco.Dashboard.Models.Analytics.Selection.DashboardAnalyticsSiteSelectionWebProperty.Id">
            <summary>
            Gets the ID of the web property.
            </summary>
        </member>
        <member name="P:Skybrud.Umbraco.Dashboard.Models.Analytics.Selection.DashboardAnalyticsSiteSelectionWebProperty.Name">
            <summary>
            Gets the name of the web property.
            </summary>
        </member>
        <member name="T:Skybrud.Umbraco.Dashboard.Models.Properties.DashboardErrorProperty">
            <summary>
            Class describing a data based dashboard property.
            </summary>
        </member>
        <member name="T:Skybrud.Umbraco.Dashboard.Models.Properties.DashboardProperty">
            <summary>
            Class describing a dashboard property.
            </summary>
        </member>
        <member name="M:Skybrud.Umbraco.Dashboard.Models.Properties.DashboardProperty.#ctor(System.String)">
            <summary>
            Initializes a new dashboard property with the specified <code>alias</code>.
            </summary>
            <param name="alias">The alias of the property.</param>
        </member>
        <member name="M:Skybrud.Umbraco.Dashboard.Models.Properties.DashboardProperty.#ctor(System.String,System.String)">
            <summary>
            Initializes a new dashboard property with the specified <code>alias</code> and <code>view</code>.
            </summary>
            <param name="alias">The alias of the property.</param>
            <param name="view">THe URL to the view of the property.</param>
        </member>
        <member name="M:Skybrud.Umbraco.Dashboard.Models.Properties.DashboardProperty.#ctor(System.Boolean,System.Boolean,System.Boolean,System.String,System.String)">
            <summary>
            Initializes a new dashboard property with the specified <code>alias</code>.
            </summary>
        </member>
        <member name="P:Skybrud.Umbraco.Dashboard.Models.Properties.DashboardProperty.ShowOnce">
            <summary>
            Gets whether this property should only be seen once. This appears to be some legacy from Umbraco 6, since
            I can't see where it is used in Umbraco 7.
            </summary>
        </member>
        <member name="P:Skybrud.Umbraco.Dashboard.Models.Properties.DashboardProperty.AddPanel">
            <summary>
            Gets whether this property should add a panel in the UI.
            </summary>
        </member>
        <member name="P:Skybrud.Umbraco.Dashboard.Models.Properties.DashboardProperty.ServerSide">
            <summary>
            Gets whether this property references a server side control.
            </summary>
        </member>
        <member name="P:Skybrud.Umbraco.Dashboard.Models.Properties.DashboardProperty.Path">
            <summary>
            Same as <code>Url</code>. Gets the URL to the view of the property.
            </summary>
        </member>
        <member name="P:Skybrud.Umbraco.Dashboard.Models.Properties.DashboardProperty.Alias">
            <summary>
            Gets the alias of the property.
            </summary>
        </member>
        <member name="P:Skybrud.Umbraco.Dashboard.Models.Properties.DashboardProperty.View">
            <summary>
            Gets the URL to the view of the property.
            </summary>
        </member>
        <member name="P:Skybrud.Umbraco.Dashboard.Models.Properties.DashboardProperty.Caption">
            <summary>
            Gets the caption of the property. This appears to be some legacy from Umbraco 6, since
            I can't see where it is used in Umbraco 7.
            </summary>
        </member>
        <member name="M:Skybrud.Umbraco.Dashboard.Models.Properties.DashboardErrorProperty.#ctor">
            <summary>
            Initializes a new property with default values.
            </summary>
        </member>
        <member name="M:Skybrud.Umbraco.Dashboard.Models.Properties.DashboardErrorProperty.#ctor(System.String,System.String)">
            <summary>
            Initializes a new property with the specified <code>title</code> and <code>message</code>.
            </summary>
            <param name="title">The title of the error message.</param>
            <param name="message">The text of the error message.</param>
        </member>
        <member name="M:Skybrud.Umbraco.Dashboard.Models.Properties.DashboardErrorProperty.#ctor(System.String,System.String,System.String)">
            <summary>
            Initializes a new property with the specified <code>title</code>, <code>message</code> and <code>alias</code>.
            </summary>
            <param name="title">The title of the error message.</param>
            <param name="message">The text of the error message.</param>
            <param name="alias">The alias of the property.</param>
        </member>
        <member name="M:Skybrud.Umbraco.Dashboard.Models.Properties.DashboardErrorProperty.#ctor(System.String,System.String,System.String,System.String)">
            <summary>
            Initializes a new property with the specified <code>title</code>, <code>message</code>, <code>alias</code> and <code>view</code>.
            </summary>
            <param name="title">The title of the error message.</param>
            <param name="message">The text of the error message.</param>
            <param name="alias">The alias of the property.</param>
            <param name="view">THe URL to the view of the property.</param>
        </member>
        <member name="P:Skybrud.Umbraco.Dashboard.Models.Properties.DashboardErrorProperty.Title">
            <summary>
            Gets or sets the title of the error message.
            </summary>
        </member>
        <member name="P:Skybrud.Umbraco.Dashboard.Models.Properties.DashboardErrorProperty.Message">
            <summary>
            Gets or sets the text of the error message.
            </summary>
        </member>
        <member name="T:Skybrud.Umbraco.Dashboard.PropertyEditors.DashboardPropertyValueConverter">
            <summary>
            Property value converter for the various property editors / data types defined by the Dashboard.
            </summary>
        </member>
        <member name="T:Skybrud.Umbraco.Dashboard.Config.Analytics.AnalyticsUserConfiguration">
            <summary>
            Class representing the configuration and authentication information for a Google user.
            </summary>
        </member>
        <member name="T:Skybrud.Umbraco.Dashboard.Config.Analytics.AnalyticsObject">
            <summary>
            Class representing a basic object from the Google Analytics API derived from an instance of <see cref="P:Skybrud.Umbraco.Dashboard.Config.Analytics.AnalyticsObject.JObject"/>.
            </summary>
        </member>
        <member name="M:Skybrud.Umbraco.Dashboard.Config.Analytics.AnalyticsObject.#ctor(Newtonsoft.Json.Linq.JObject)">
            <summary>
            Initializes a new instance from the specified <code>obj</code>.
            </summary>
            <param name="obj">The instance of <see cref="P:Skybrud.Umbraco.Dashboard.Config.Analytics.AnalyticsObject.JObject"/> representing the object.</param>
        </member>
        <member name="P:Skybrud.Umbraco.Dashboard.Config.Analytics.AnalyticsObject.JObject">
            <summary>
            Gets a reference to the internal <see cref="P:Skybrud.Umbraco.Dashboard.Config.Analytics.AnalyticsObject.JObject"/> the object was created from.
            </summary>
        </member>
        <member name="M:Skybrud.Umbraco.Dashboard.Config.Analytics.AnalyticsUserConfiguration.Parse(Skybrud.Umbraco.Dashboard.Config.Analytics.AnalyticsClientConfiguration,Newtonsoft.Json.Linq.JObject)">
            <summary>
            Parses the specified <code>obj</code> into an instance of <see cref="T:Skybrud.Umbraco.Dashboard.Config.Analytics.AnalyticsUserConfiguration"/>.
            </summary>
            <param name="client">The parent client configuration.</param>
            <param name="obj">The instance of <see cref="T:Newtonsoft.Json.Linq.JObject"/> to be parsed.</param>
            <returns>Returns an instance of <see cref="T:Skybrud.Umbraco.Dashboard.Config.Analytics.AnalyticsUserConfiguration"/>.</returns>
        </member>
        <member name="P:Skybrud.Umbraco.Dashboard.Config.Analytics.AnalyticsUserConfiguration.Client">
            <summary>
            Gets a reference to the parent client configuration.
            </summary>
        </member>
        <member name="P:Skybrud.Umbraco.Dashboard.Config.Analytics.AnalyticsUserConfiguration.Id">
            <summary>
            Gets the Google user ID of the authenticated user.
            </summary>
        </member>
        <member name="P:Skybrud.Umbraco.Dashboard.Config.Analytics.AnalyticsUserConfiguration.Email">
            <summary>
            Gets the email address of the authenticated user.
            </summary>
        </member>
        <member name="P:Skybrud.Umbraco.Dashboard.Config.Analytics.AnalyticsUserConfiguration.Name">
            <summary>
            Gets the name of the authenticated user.
            </summary>
        </member>
        <member name="P:Skybrud.Umbraco.Dashboard.Config.Analytics.AnalyticsUserConfiguration.HasName">
            <summary>
            Gets whether a name has been specified by the authenticated Google user.
            </summary>
        </member>
        <member name="P:Skybrud.Umbraco.Dashboard.Config.Analytics.AnalyticsUserConfiguration.RefreshToken">
            <summary>
            Gets the refresh token of the authenticated user. The refresh token can along with the client ID and client
            secret of <see cref="P:Skybrud.Umbraco.Dashboard.Config.Analytics.AnalyticsUserConfiguration.Client"/> be used to obtain new access tokens, which again can be used to make calls
            to the Google Analytics API.
            </summary>
        </member>
        <member name="T:Skybrud.Umbraco.Dashboard.Config.Analytics.AnalyticsClientConfiguration">
            <summary>
            Class representing the configuration and OAuth information for a Google app/client.
            </summary>
        </member>
        <member name="M:Skybrud.Umbraco.Dashboard.Config.Analytics.AnalyticsClientConfiguration.Parse(Newtonsoft.Json.Linq.JObject)">
            <summary>
            Parses the specified <code>obj</code> into an instance of <see cref="T:Skybrud.Umbraco.Dashboard.Config.Analytics.AnalyticsClientConfiguration"/>.
            </summary>
            <param name="obj">The instance of <see cref="T:Newtonsoft.Json.Linq.JObject"/> to be parsed.</param>
            <returns>Returns an instance of <see cref="T:Skybrud.Umbraco.Dashboard.Config.Analytics.AnalyticsClientConfiguration"/>.</returns>
        </member>
        <member name="P:Skybrud.Umbraco.Dashboard.Config.Analytics.AnalyticsClientConfiguration.Id">
            <summary>
            Gets the ID of the client. This ID is generated in Umbraco and used to uniquely identify the client within
            Umbraco without exposing the actual <see cref="P:Skybrud.Umbraco.Dashboard.Config.Analytics.AnalyticsClientConfiguration.ClientId"/>.
            </summary>
        </member>
        <member name="P:Skybrud.Umbraco.Dashboard.Config.Analytics.AnalyticsClientConfiguration.ClientId">
            <summary>
            Gets the OAuth 2.0 client ID.
            </summary>
        </member>
        <member name="P:Skybrud.Umbraco.Dashboard.Config.Analytics.AnalyticsClientConfiguration.ClientSecret">
            <summary>
            Gets the OAuth 2.0 client secret.
            </summary>
        </member>
        <member name="P:Skybrud.Umbraco.Dashboard.Config.Analytics.AnalyticsClientConfiguration.RedirectUri">
            <summary>
            Gets the redirect URI used for OAuth 2.0 authentication.
            </summary>
        </member>
        <member name="P:Skybrud.Umbraco.Dashboard.Config.Analytics.AnalyticsClientConfiguration.Users">
            <summary>
            Gets an array of the Google users who have authenticated with this client.
            </summary>
        </member>
        <member name="P:Skybrud.Umbraco.Dashboard.Config.Analytics.AnalyticsClientConfiguration.HasUsers">
            <summary>
            Gets whether the any Google users have authenticated with this client.
            </summary>
        </member>
        <member name="T:Skybrud.Umbraco.Dashboard.Config.Analytics.AnalyticsConfiguration">
            <summary>
            Class representing the root configuration element for the Analytics implementation of the Dashboard.
            </summary>
        </member>
        <member name="M:Skybrud.Umbraco.Dashboard.Config.Analytics.AnalyticsConfiguration.GetUserById(System.String)">
            <summary>
            Gets the user configuration matching the specified <code>userId</code>. A user may have authenticated with
            more than one of the clients in the configuration - if that is the case, this method will simply return the
            configuration matching the user.
            </summary>
            <param name="userId">The ID of the user.</param>
            <returns>Returns an intstance of <see cref="T:Skybrud.Umbraco.Dashboard.Config.Analytics.AnalyticsUserConfiguration"/>, or <code>null</code> if not found.</returns>
        </member>
        <member name="M:Skybrud.Umbraco.Dashboard.Config.Analytics.AnalyticsConfiguration.Parse(Newtonsoft.Json.Linq.JObject)">
            <summary>
            Parses the specified <code>obj</code> into an instance of <see cref="T:Skybrud.Umbraco.Dashboard.Config.Analytics.AnalyticsConfiguration"/>.
            </summary>
            <param name="obj">The instance of <see cref="T:Newtonsoft.Json.Linq.JObject"/> to be parsed.</param>
            <returns>Returns an instance of <see cref="T:Skybrud.Umbraco.Dashboard.Config.Analytics.AnalyticsConfiguration"/>.</returns>
        </member>
        <member name="P:Skybrud.Umbraco.Dashboard.Config.Analytics.AnalyticsConfiguration.Clients">
            <summary>
            Gets an array of Google OAuth 2.0 client added to the Analytics configuration.
            </summary>
        </member>
        <member name="T:Skybrud.Umbraco.Dashboard.Config.DashboardConfiguration">
            <summary>
            Class representign the root configuration element for the Dashboard.
            </summary>
        </member>
        <member name="M:Skybrud.Umbraco.Dashboard.Config.DashboardConfiguration.Load(System.String)">
            <summary>
            Loads the configuration from the specified absolute <code>path</code>.
            </summary>
            <param name="path">The absolute path to the configuration file.</param>
            <returns>Returns an instance of <see cref="T:Skybrud.Umbraco.Dashboard.Config.DashboardConfiguration"/>.</returns>
        </member>
        <member name="P:Skybrud.Umbraco.Dashboard.Config.DashboardConfiguration.JObject">
            <summary>
            Gets a reference to the <see cref="P:Skybrud.Umbraco.Dashboard.Config.DashboardConfiguration.JObject"/> the configuration was parsed from.
            </summary>
        </member>
        <member name="P:Skybrud.Umbraco.Dashboard.Config.DashboardConfiguration.Analytics">
            <summary>
            Gets a reference to the configuration element for the Analytics implementation.
            </summary>
        </member>
        <member name="P:Skybrud.Umbraco.Dashboard.Config.DashboardConfiguration.HasAnalytics">
            <summary>
            Gets whether the root configuration element contains an element for the Analytics implementation.
            </summary>
        </member>
        <member name="P:Skybrud.Umbraco.Dashboard.Config.DashboardConfiguration.IsValid">
            <summary>
            Gets whether the configuration file exists and is valid.
            </summary>
        </member>
        <member name="M:Skybrud.Umbraco.Dashboard.Controllers.AnalyticsController.GetSiteData(System.Int32,System.String,System.Boolean)">
            <summary>
            Gets statistics from Google Analytics for the site with the specified <code>siteId</code>.
            </summary>
            <param name="siteId">The ID of the site.</param>
            <param name="period">The alias of the period for which statistics should be shown.</param>
            <param name="cache">Whether we should attempt to read the statistics from the cache.</param>
            <returns></returns>
        </member>
        <member name="M:Skybrud.Umbraco.Dashboard.Controllers.DashboardController.Setup">
            <summary>
            Runs a number of setup steps in order for the Dashboard to work properly.
            </summary>
        </member>
        <member name="M:Skybrud.Umbraco.Dashboard.Controllers.DashboardController.SetDefaultSite(System.Int32)">
            <summary>
            Sets the default site of the authenticated user.
            </summary>
            <param name="siteId">The ID of the site.</param>
        </member>
        <member name="T:Skybrud.Umbraco.Dashboard.DashboardConstants">
            <summary>
            Class with various constants used throughout the Dashboard.
            </summary>
        </member>
        <member name="F:Skybrud.Umbraco.Dashboard.DashboardConstants.DashboardCachePath">
            <summary>
            Gets the virtual path to the temporary directory used by the Dashboard.
            </summary>
        </member>
        <member name="F:Skybrud.Umbraco.Dashboard.DashboardConstants.AnalyticsCachePath">
            <summary>
            Gets the virtual path to the temporary directory used by the part for Google Analytics.
            </summary>
        </member>
        <member name="F:Skybrud.Umbraco.Dashboard.DashboardConstants.UserSettingsCachePath">
            <summary>
            Gets the virtual path to the temporary directory used by the Dashboard for storing user settings.
            </summary>
        </member>
        <member name="T:Skybrud.Umbraco.Dashboard.DashboardContext">
            <summary>
            Class that keeps track of the dashboard during a given request.
            </summary>
        </member>
        <member name="M:Skybrud.Umbraco.Dashboard.DashboardContext.GetServiceUrl``1">
            <summary>
            Gets the base URL of a WebApi controller of type <code>T</code>.
            </summary>
            <typeparam name="T">The type of the controller.</typeparam>
        </member>
        <member name="M:Skybrud.Umbraco.Dashboard.DashboardContext.GetServiceUrl``1(System.String)">
            <summary>
            Gets the URL of an action of a WebApi controller of type <code>T</code>.
            </summary>
            <typeparam name="T">The type of the controller.</typeparam>
            <param name="actionName">The name of the action.</param>
        </member>
        <member name="M:Skybrud.Umbraco.Dashboard.DashboardContext.Format(System.Int32,System.Globalization.CultureInfo)">
            <summary>
            Formats <code>value</code> using the specified <code>culture</code>. If <code>culture</code> is <code>NULL</code>, the default culture is used instead.
            </summary>
            <param name="value">The value to be formatted.</param>
            <param name="culture">The culture to be used for formatting the value.</param>
        </member>
        <member name="M:Skybrud.Umbraco.Dashboard.DashboardContext.Format(System.Double,System.Globalization.CultureInfo,System.Int32)">
            <summary>
            Formats <code>value</code> using the specified <code>culture</code>. If <code>culture</code> is <code>NULL</code>, the default culture is used instead.
            </summary>
            <param name="value">The value to be formatted.</param>
            <param name="culture">The culture to be used for formatting the value.</param>
            <param name="decimals">The amount of decimals to be shown in the formatted text.</param>
        </member>
        <member name="M:Skybrud.Umbraco.Dashboard.DashboardContext.Translate(System.String,System.String[])">
            <summary>
            Translates the phrase with the specified <code>key</code>.
            </summary>
            <param name="key">The key of the phrase.</param>
            <param name="args">The arguments to be inserted into the phrase.</param>
        </member>
        <member name="M:Skybrud.Umbraco.Dashboard.DashboardContext.Translate(Skybrud.Social.Google.Analytics.Interfaces.IAnalyticsField)">
            <summary>
            Translates the phrase matching the name of the specified <code>field</code>.
            </summary>
            <param name="field">The field.</param>
        </member>
        <member name="M:Skybrud.Umbraco.Dashboard.DashboardContext.GetSites">
            <summary>
            Gets an array of all sites that should be shown in the dashboard.
            </summary>
        </member>
        <member name="M:Skybrud.Umbraco.Dashboard.DashboardContext.GetSiteById(System.Int32)">
            <summary>
            Gets the site with the specified <code>siteId</code>, or <code>null</code> if the site couldn't be found.
            </summary>
            <param name="siteId">The ID of the site.</param>
        </member>
        <member name="M:Skybrud.Umbraco.Dashboard.DashboardContext.GetPageById(System.Int32)">
            <summary>
            Gets the page with the specified <code>pageId</code>, or <code>null</code> if the page couldn't be found.
            </summary>
            <param name="pageId">The ID of the page.</param>
        </member>
        <member name="M:Skybrud.Umbraco.Dashboard.DashboardContext.Setup">
            <summary>
            Runs a number of setup steps in order for the Dashboard to work properly.
            </summary>
        </member>
        <member name="M:Skybrud.Umbraco.Dashboard.DashboardContext.MapPath(System.String)">
            <summary>
            Gets the absolute path based on the specified <code>virtualPath</code>.
            </summary>
            <param name="virtualPath">The virtual path.</param>
            <returns>Returns the absolute path.</returns>
        </member>
        <member name="P:Skybrud.Umbraco.Dashboard.DashboardContext.Current">
            <summary>
            Gets a reference to the current dashboard context.
            </summary>
        </member>
        <member name="P:Skybrud.Umbraco.Dashboard.DashboardContext.UrlHelper">
            <summary>
            Gets a reference to an URL helper. This helper can eg. be used to resolve the URLs of
            WebApi controllers.
            </summary>
        </member>
        <member name="P:Skybrud.Umbraco.Dashboard.DashboardContext.Plugins">
            <summary>
            Gets a collection of all dashboard plugins. Even though the <code>DashboardContext</code>
            only lives across a single, this property will live during the lifetime of the
            application.
            </summary>
        </member>
        <member name="P:Skybrud.Umbraco.Dashboard.DashboardContext.Culture">
            <summary>
            Gets or sets the culture to be used in the dashboard.
            </summary>
        </member>
        <member name="P:Skybrud.Umbraco.Dashboard.DashboardContext.Configuration">
            <summary>
            Gets a reference to the Dashboard configuration.
            </summary>
        </member>
        <member name="T:Skybrud.Umbraco.Dashboard.DashboardHelpers">
            <summary>
            Various helper methods, properties and similar for the dashboard.
            </summary>
        </member>
        <member name="F:Skybrud.Umbraco.Dashboard.DashboardHelpers.IsoDateTimeFormat">
            <summary>
            Gets a string for the ISO 8601 date format.
            </summary>
        </member>
        <member name="M:Skybrud.Umbraco.Dashboard.DashboardHelpers.GetCachableUrl(System.String)">
            <summary>
            If <code>url</code> matches a local file, the timestamp of that file is appended as part of the query string. This is extremely useful for cache busting.
            </summary>
            <param name="url">The URL.</param>
        </member>
        <member name="M:Skybrud.Umbraco.Dashboard.DashboardHelpers.Translate(Skybrud.Social.Google.Analytics.Interfaces.IAnalyticsField)">
            <summary>
            Translates the phrase matching the name of the specified <code>field</code>.
            </summary>
            <param name="field">The field.</param>
        </member>
        <member name="M:Skybrud.Umbraco.Dashboard.DashboardHelpers.Translate(System.Globalization.CultureInfo,Skybrud.Social.Google.Analytics.Interfaces.IAnalyticsField)">
            <summary>
            Translates the phrase matching the name of the specified <code>field</code>.
            </summary>
            <param name="culture">The culture to be used for the translation.</param>
            <param name="field">The field.</param>
        </member>
        <member name="M:Skybrud.Umbraco.Dashboard.DashboardHelpers.Translate(System.String,System.Object[])">
            <summary>
            Translates the phrase with the specified <code>key</code>.
            </summary>
            <param name="key">The key of the phrase.</param>
            <param name="args">The arguments to be inserted into the phrase.</param>
        </member>
        <member name="M:Skybrud.Umbraco.Dashboard.DashboardHelpers.Translate(System.Globalization.CultureInfo,System.String,System.Object[])">
            <summary>
            Translates the phrase with the specified <code>key</code>.
            </summary>
            <param name="culture">The culture to be used for the translation.</param>
            <param name="key">The key of the phrase.</param>
            <param name="args">The arguments to be inserted into the phrase.</param>
        </member>
        <member name="M:Skybrud.Umbraco.Dashboard.DashboardHelpers.EnsureCurrentUserCulture">
            <summary>
            Ensures that the Dashboard uses the culture of the current user.
            </summary>
        </member>
        <member name="M:Skybrud.Umbraco.Dashboard.DashboardHelpers.GetCurrentUserCulture">
            <summary>
            Gets the culture of the current user, or default if not logged in.
            </summary>
            <returns>The culture of the current user.</returns>
        </member>
        <member name="T:Skybrud.Umbraco.Dashboard.DashboardHelpers.UserSettings">
            <summary>
            Static class for working with user settings in relation to the Dashboard.
            </summary>
        </member>
        <member name="M:Skybrud.Umbraco.Dashboard.DashboardHelpers.UserSettings.SetDefaultSite(Umbraco.Core.Models.Membership.IUser,Skybrud.Umbraco.Dashboard.Interfaces.IDashboardSite)">
            <summary>
            Sets the default <code>site</code> of the specified backoffice <code>user</code>.
            </summary>
            <param name="user">The user.</param>
            <param name="site">The site.</param>
        </member>
        <member name="M:Skybrud.Umbraco.Dashboard.DashboardHelpers.UserSettings.GetDefaultSiteId(Umbraco.Core.Models.Membership.IUser)">
            <summary>
            Gets the ID of the default site of the specified backoffice <code>user</code>.
            </summary>
            <param name="user"></param>
            <returns></returns>
        </member>
        <member name="M:Skybrud.Umbraco.Dashboard.DashboardHelpers.UserSettings.GetInt32(Umbraco.Core.Models.Membership.IUser,System.String)">
            <summary>
            Gets the integer value of the setting matching the specified <code>user</code> and <code>propertyName</code>.
            </summary>
            <param name="user">The user.</param>
            <param name="propertyName">The name of the property.</param>
            <returns>Returns the integer (32-bit) value of the settings property.</returns>
        </member>
        <member name="M:Skybrud.Umbraco.Dashboard.DashboardHelpers.UserSettings.GetString(Umbraco.Core.Models.Membership.User,System.String)">
            <summary>
            Gets the string value of the setting matching the specified <code>user</code> and <code>propertyName</code>.
            </summary>
            <param name="user">The user.</param>
            <param name="propertyName">The name of the property.</param>
            <returns>Returns the integer (32-bit) value of the settings property.</returns>
        </member>
        <member name="T:Skybrud.Umbraco.Dashboard.DashboardLanguage">
            <summary>
            Class describing a language for the dashboard.
            </summary>
        </member>
        <member name="M:Skybrud.Umbraco.Dashboard.DashboardLanguage.Translate(System.String,System.String[])">
            <summary>
            Translates the phrase with the specified <code>key</code>.
            </summary>
            <param name="key">The key of the phrase.</param>
            <param name="args">The arguments to be inserted into the phrase.</param>
        </member>
        <member name="P:Skybrud.Umbraco.Dashboard.DashboardLanguage.Alias">
            <summary>
            Gets or sets the alias of the language.
            </summary>
        </member>
        <member name="P:Skybrud.Umbraco.Dashboard.DashboardLanguage.Name">
            <summary>
            Gets or sets the name of the language.
            </summary>
        </member>
        <member name="P:Skybrud.Umbraco.Dashboard.DashboardLanguage.Phrases">
            <summary>
            Gets or sets a dictionary with all the phrases of the language.
            </summary>
        </member>
        <member name="T:Skybrud.Umbraco.Dashboard.DashboardPhrase">
            <summary>
            Class describing a phrase for the dashboard.
            </summary>
        </member>
        <member name="P:Skybrud.Umbraco.Dashboard.DashboardPhrase.Key">
            <summary>
            Gets or sets the key of the phrase.
            </summary>
        </member>
        <member name="P:Skybrud.Umbraco.Dashboard.DashboardPhrase.Value">
            <summary>
            Gets or sets the value of the phrase.
            </summary>
        </member>
        <member name="T:Skybrud.Umbraco.Dashboard.DashboardTranslations">
            <summary>
            Class for handling translations in the Dashboard.
            </summary>
        </member>
        <member name="M:Skybrud.Umbraco.Dashboard.DashboardTranslations.Translate(System.Globalization.CultureInfo,System.String,System.String[])">
            <summary>
            Translates the phrase with the specified <code>key</code>.
            </summary>
            <param name="culture">The culture to be used for the translation.</param>
            <param name="key">The key of the phrase.</param>
            <param name="args">The arguments to be inserted into the phrase.</param>
        </member>
        <member name="M:Skybrud.Umbraco.Dashboard.DashboardTranslations.Load(System.String)">
            <summary>
            Initializes a new translations context from the specified <code>path</code>.
            </summary>
            <param name="path">The path to the translations file.</param>
        </member>
        <member name="P:Skybrud.Umbraco.Dashboard.DashboardTranslations.Languages">
            <summary>
            Gets an array of all languages in the translations file.
            </summary>
        </member>
        <member name="P:Skybrud.Umbraco.Dashboard.DashboardTranslations.Instance">
            <summary>
            Gets a reference to the translations singleton.
            </summary>
        </member>
        <member name="T:Skybrud.Umbraco.Dashboard.Exceptions.DashboardException">
            <summary>
            In general exceptions shouldn't be sent to the end-user, so the purpose of this class is to
            be able to trigger exceptions that can be shown to the user.
            </summary>
        </member>
        <member name="M:Skybrud.Umbraco.Dashboard.Exceptions.DashboardException.#ctor(System.String)">
            <summary>
            Initializes a new exception based on the specified <code>message</code>.
            </summary>
            <param name="message">The message of the exception.</param>
        </member>
        <member name="M:Skybrud.Umbraco.Dashboard.Exceptions.DashboardException.#ctor(System.String,System.String)">
            <summary>
            Initializes a new exception based on the specified <code>title</code> and <code>message</code>.
            </summary>
            <param name="title">The title of the exception.</param>
            <param name="message">The message of the exception.</param>
        </member>
        <member name="M:Skybrud.Umbraco.Dashboard.Exceptions.DashboardException.#ctor(System.Net.HttpStatusCode,System.String)">
            <summary>
            Initializes a new exception based on the specified <code>title</code> and <code>message</code>.
            </summary>
        </member>
        <member name="M:Skybrud.Umbraco.Dashboard.Exceptions.DashboardException.#ctor(System.Net.HttpStatusCode,System.String,System.String)">
            <summary>
            Initializes a new exception based on the specified <code>title</code> and <code>message</code>.
            </summary>
        </member>
        <member name="P:Skybrud.Umbraco.Dashboard.Exceptions.DashboardException.Code">
            <summary>
            Gets the status code (type) of the exception. 
            </summary>
        </member>
        <member name="P:Skybrud.Umbraco.Dashboard.Exceptions.DashboardException.Title">
            <summary>
            Gets the title of the error message.
            </summary>
        </member>
        <member name="T:Skybrud.Umbraco.Dashboard.Extensions.DashboardTabListExtensions">
            <summary>
            Various extension methods for <see cref="T:System.Collections.Generic.List`1"/>
            </summary>
        </member>
        <member name="M:Skybrud.Umbraco.Dashboard.Extensions.DashboardTabListExtensions.Remove(System.Collections.Generic.List{Skybrud.Umbraco.Dashboard.Models.DashboardTab},System.Func{Skybrud.Umbraco.Dashboard.Models.DashboardTab,System.Boolean})">
            <summary>
            Removes all tabs matching the specified <code>predicate</code>.
            </summary>
            <param name="list">The list of tabs.</param>
            <param name="predicate">The predicate used for matching the tabs.</param>
        </member>
        <member name="T:Skybrud.Umbraco.Dashboard.Extensions.JObject.RemoveWhenUpdatedToNewestSkybrudSocial">
            <summary>
            Various extensions methods for <code>JObject</code> that makes manual parsing easier.
            </summary>
        </member>
        <member name="M:Skybrud.Umbraco.Dashboard.Extensions.JObject.RemoveWhenUpdatedToNewestSkybrudSocial.GetObject(Newtonsoft.Json.Linq.JObject,System.String)">
            <summary>
            Gets an object from a property with the specified <code>propertyName</code>.
            </summary>
            <param name="obj">The parent object of the property.</param>
            <param name="propertyName">The name of the property.</param>
        </member>
        <member name="M:Skybrud.Umbraco.Dashboard.Extensions.JObject.RemoveWhenUpdatedToNewestSkybrudSocial.GetObject``1(Newtonsoft.Json.Linq.JObject,System.String)">
            <summary>
            Gets an object from a property with the specified <code>propertyName</code>. If an object is found, it is
            parsed to the type of <code>T</code>.
            </summary>
            <param name="obj">The parent object of the property.</param>
            <param name="propertyName">The name of the property.</param>
        </member>
        <member name="M:Skybrud.Umbraco.Dashboard.Extensions.JObject.RemoveWhenUpdatedToNewestSkybrudSocial.GetObject``1(Newtonsoft.Json.Linq.JObject,System.String,System.Func{Newtonsoft.Json.Linq.JObject,``0})">
            <summary>
            Gets an object from a property with the specified <code>propertyName</code>. If an object is found, the
            object is parsed using the specified delegate <code>func</code>.
            </summary>
            <param name="obj">The parent object of the property.</param>
            <param name="propertyName">The name of the property.</param>
            <param name="func">The delegate (callback method) used for parsing the object.</param>
        </member>
        <member name="M:Skybrud.Umbraco.Dashboard.Extensions.JObject.RemoveWhenUpdatedToNewestSkybrudSocial.GetString(Newtonsoft.Json.Linq.JObject,System.String)">
            <summary>
            Gets a string from a property with the specified <code>propertyName</code>.
            </summary>
            <param name="obj">The parent object of the property.</param>
            <param name="propertyName">The name of the property.</param>
        </member>
        <member name="M:Skybrud.Umbraco.Dashboard.Extensions.JObject.RemoveWhenUpdatedToNewestSkybrudSocial.GetString``1(Newtonsoft.Json.Linq.JObject,System.String,System.Func{System.String,``0})">
            <summary>
            Gets the string value from the property with the specified <code>propertyName</code> and parses it into an
            instance of <code>T</code> using the specified <code>callback</code>.
            </summary>
            <typeparam name="T"></typeparam>
            <param name="obj">The parent object.</param>
            <param name="propertyName">The name of the property.</param>
            <param name="callback">The callback used for converting the string value.</param>
        </member>
        <member name="M:Skybrud.Umbraco.Dashboard.Extensions.JObject.RemoveWhenUpdatedToNewestSkybrudSocial.GetInt32(Newtonsoft.Json.Linq.JObject,System.String)">
            <summary>
            Gets a 32-bit integer (int) from a property with the specified <code>propertyName</code>.
            </summary>
            <param name="obj">The parent object of the property.</param>
            <param name="propertyName">The name of the property.</param>
        </member>
        <member name="M:Skybrud.Umbraco.Dashboard.Extensions.JObject.RemoveWhenUpdatedToNewestSkybrudSocial.GetInt32``1(Newtonsoft.Json.Linq.JObject,System.String,System.Func{System.Int32,``0})">
            <summary>
            Gets the integer value from the property with the specified <code>propertyName</code> and parses it into an instance of
            <code>T</code> using the specified <code>callback</code>.
            </summary>
            <typeparam name="T"></typeparam>
            <param name="obj">The parent object.</param>
            <param name="propertyName">The name of the property.</param>
            <param name="callback">The callback used for converting the integer value.</param>
        </member>
        <member name="M:Skybrud.Umbraco.Dashboard.Extensions.JObject.RemoveWhenUpdatedToNewestSkybrudSocial.GetInt64(Newtonsoft.Json.Linq.JObject,System.String)">
            <summary>
            Gets 64-bit integer (long) from a property with the specified <code>propertyName</code>.
            </summary>
            <param name="obj">The parent object of the property.</param>
            <param name="propertyName">The name of the property.</param>
        </member>
        <member name="M:Skybrud.Umbraco.Dashboard.Extensions.JObject.RemoveWhenUpdatedToNewestSkybrudSocial.GetInt64``1(Newtonsoft.Json.Linq.JObject,System.String,System.Func{System.Int64,``0})">
            <summary>
            Gets 64-bit integer (long) from a property with the specified <code>propertyName</code>.
            </summary>
            <param name="obj">The parent object of the property.</param>
            <param name="propertyName">The name of the property.</param>
            <param name="func">A callback function used for parsing or converting the property value.</param>
        </member>
        <member name="M:Skybrud.Umbraco.Dashboard.Extensions.JObject.RemoveWhenUpdatedToNewestSkybrudSocial.GetFloat(Newtonsoft.Json.Linq.JObject,System.String)">
            <summary>
            Gets a float from a property with the specified <code>propertyName</code>.
            </summary>
            <param name="obj">The parent object of the property.</param>
            <param name="propertyName">The name of the property.</param>
        </member>
        <member name="M:Skybrud.Umbraco.Dashboard.Extensions.JObject.RemoveWhenUpdatedToNewestSkybrudSocial.GetFloat``1(Newtonsoft.Json.Linq.JObject,System.String,System.Func{System.Single,``0})">
            <summary>
            Gets a float from a property with the specified <code>propertyName</code>.
            </summary>
            <param name="obj">The parent object of the property.</param>
            <param name="propertyName">The name of the property.</param>
            <param name="func">A callback function used for parsing or converting the property value.</param>
        </member>
        <member name="M:Skybrud.Umbraco.Dashboard.Extensions.JObject.RemoveWhenUpdatedToNewestSkybrudSocial.GetDouble(Newtonsoft.Json.Linq.JObject,System.String)">
            <summary>
            Gets a double from a property with the specified <code>propertyName</code>.
            </summary>
            <param name="obj">The parent object of the property.</param>
            <param name="propertyName">The name of the property.</param>
        </member>
        <member name="M:Skybrud.Umbraco.Dashboard.Extensions.JObject.RemoveWhenUpdatedToNewestSkybrudSocial.GetDouble``1(Newtonsoft.Json.Linq.JObject,System.String,System.Func{System.Double,``0})">
            <summary>
            Gets a double from a property with the specified <code>propertyName</code>.
            </summary>
            <param name="obj">The parent object of the property.</param>
            <param name="propertyName">The name of the property.</param>
            <param name="func">A callback function used for parsing or converting the property value.</param>
        </member>
        <member name="M:Skybrud.Umbraco.Dashboard.Extensions.JObject.RemoveWhenUpdatedToNewestSkybrudSocial.GetBoolean(Newtonsoft.Json.Linq.JObject,System.String)">
            <summary>
            Gets a boolean from a property with the specified <code>propertyName</code>.
            </summary>
            <param name="obj">The parent object of the property.</param>
            <param name="propertyName">The name of the property.</param>
        </member>
        <member name="M:Skybrud.Umbraco.Dashboard.Extensions.JObject.RemoveWhenUpdatedToNewestSkybrudSocial.GetEnum``1(Newtonsoft.Json.Linq.JObject,System.String)">
            <summary>
            Gets an enum of type <code>T</code> from the property with the specified <code>propertyName</code>.
            </summary>
            <typeparam name="T">The type of the enum.</typeparam>
            <param name="obj">The instance of <code>JObject</code>.</param>
            <param name="propertyName">The name of the property.</param>
        </member>
        <member name="M:Skybrud.Umbraco.Dashboard.Extensions.JObject.RemoveWhenUpdatedToNewestSkybrudSocial.GetEnum``1(Newtonsoft.Json.Linq.JObject,System.String,``0)">
            <summary>
            Gets an enum of type <code>T</code> from the property with the specified <code>propertyName</code>.
            </summary>
            <typeparam name="T">The type of the enum.</typeparam>
            <param name="obj">The instance of <code>JObject</code>.</param>
            <param name="propertyName">The name of the property.</param>
            <param name="fallback">The fallback value if the value in the JSON couldn't be parsed.</param>
        </member>
        <member name="M:Skybrud.Umbraco.Dashboard.Extensions.JObject.RemoveWhenUpdatedToNewestSkybrudSocial.GetArray(Newtonsoft.Json.Linq.JObject,System.String)">
            <summary>
            Gets an instance of <code>JArray</code> from a property with the specified <code>propertyName</code>.
            </summary>
            <param name="obj">The parent object of the property.</param>
            <param name="propertyName">The name of the property.</param>
        </member>
        <member name="M:Skybrud.Umbraco.Dashboard.Extensions.JObject.RemoveWhenUpdatedToNewestSkybrudSocial.GetArray``1(Newtonsoft.Json.Linq.JObject,System.String,System.Func{Newtonsoft.Json.Linq.JObject,``0})">
            <summary>
            Gets an array of <code>T</code> from a property with the specified <code>propertyName</code> using the
            specified delegate <code>func</code> for parsing each item in the array.
            </summary>
            <param name="obj">The parent object of the property.</param>
            <param name="propertyName">The name of the property.</param>
            <param name="func">The delegate (callback method) used for parsing each item in the array.</param>
        </member>
        <member name="M:Skybrud.Umbraco.Dashboard.Extensions.JObject.RemoveWhenUpdatedToNewestSkybrudSocial.GetDateTime(Newtonsoft.Json.Linq.JObject,System.String)">
            <summary>
            Gets an instance of <see cref="T:System.DateTime"/> from the property with the specified <code>propertyName</code>.
            </summary>
            <param name="obj">The parent object of the property.</param>
            <param name="propertyName">The name of the property.</param>
            <returns>Returns an instance of <see cref="T:System.DateTime"/> representing the value of the property.</returns>
        </member>
        <member name="M:Skybrud.Umbraco.Dashboard.Extensions.JObject.RemoveWhenUpdatedToNewestSkybrudSocial.GetDateTime(Newtonsoft.Json.Linq.JObject,System.String,System.Globalization.DateTimeStyles)">
            <summary>
            Gets an instance of <see cref="T:System.DateTime"/> from the property with the specified <code>propertyName</code>.
            </summary>
            <param name="obj">The parent object of the property.</param>
            <param name="propertyName">The name of the property.</param>
            <param name="styles">A bitwise combination of the enumeration values that indicates the style elements that
            can be present in the property value for the parse operation to succeed and that defines how to interpret
            the parsed date in relation to the current time zone or the current date. A typical value to specify is
            <see cref="F:System.Globalization.DateTimeStyles.None"/>.</param>
            <returns>Returns an instance of <see cref="T:System.DateTime"/> representing the value of the property.</returns>
        </member>
        <member name="M:Skybrud.Umbraco.Dashboard.Extensions.JObject.RemoveWhenUpdatedToNewestSkybrudSocial.GetDateTime(Newtonsoft.Json.Linq.JObject,System.String,System.IFormatProvider,System.Globalization.DateTimeStyles)">
            <summary>
            Gets an instance of <see cref="T:System.DateTime"/> from the property with the specified <code>propertyName</code>.
            </summary>
            <param name="obj">The parent object of the property.</param>
            <param name="propertyName">The name of the property.</param>
            <param name="provider">An object that supplies culture-specific formatting information about the property value.</param>
            <param name="styles">A bitwise combination of the enumeration values that indicates the style elements that
            can be present in the property value for the parse operation to succeed and that defines how to interpret
            the parsed date in relation to the current time zone or the current date. A typical value to specify is
            <see cref="F:System.Globalization.DateTimeStyles.None"/>.</param>
            <returns>Returns an instance of <see cref="T:System.DateTime"/> representing the value of the property.</returns>
        </member>
        <member name="M:Skybrud.Umbraco.Dashboard.Extensions.JObject.RemoveWhenUpdatedToNewestSkybrudSocial.HasValue(Newtonsoft.Json.Linq.JObject,System.String)">
            <summary>
            Gets whether a property with the specified whether a property with the specified <code>propertyName</code>
            exists and isn't <code>null</code> (or an empty string).
            </summary>
            <param name="obj">The parent object of the property.</param>
            <param name="propertyName">The name of the property.</param>
            <returns>Returns <code>true</code> if the property exists and the value isn't <code>null</code>, otherwise <code>false</code>.</returns>
        </member>
        <member name="M:Skybrud.Umbraco.Dashboard.Extensions.JObject.RemoveWhenUpdatedToNewestSkybrudSocial.GetStringArray(Newtonsoft.Json.Linq.JObject,System.String)">
            <summary>
            Gets a string array from the property with the specified <code>propertyName</code>.
            </summary>
            <param name="obj">The parent object of the property.</param>
            <param name="propertyName">The name of the property.</param>
            <returns>Returns the property value as a string array.</returns>
        </member>
        <member name="M:Skybrud.Umbraco.Dashboard.Extensions.JObject.RemoveWhenUpdatedToNewestSkybrudSocial.GetInt32Array(Newtonsoft.Json.Linq.JObject,System.String)">
            <summary>
            Gets an array of <code>int</code> from the property with the specified <code>propertyName</code>.
            </summary>
            <param name="obj">The parent object of the property.</param>
            <param name="propertyName">The name of the property.</param>
            <returns>Returns the property value as an array of <code>int</code>.</returns>
        </member>
        <member name="M:Skybrud.Umbraco.Dashboard.Extensions.JObject.RemoveWhenUpdatedToNewestSkybrudSocial.GetInt64Array(Newtonsoft.Json.Linq.JObject,System.String)">
            <summary>
            Gets an array of <code>long</code> from the property with the specified <code>propertyName</code>.
            </summary>
            <param name="obj">The parent object of the property.</param>
            <param name="propertyName">The name of the property.</param>
            <returns>Returns the property value as an array of <code>long</code>.</returns>
        </member>
        <member name="T:Skybrud.Umbraco.Dashboard.Indexing.DashboardExamineIndexer">
            <summary>
            Examine indexer specific to the Dashboard.
            </summary>
        </member>
        <member name="M:Skybrud.Umbraco.Dashboard.Indexing.DashboardExamineIndexer.Init">
            <summary>
            Initializes the indexer.
            </summary>
            <returns>Returns the initialized indexer.</returns>
        </member>
        <member name="T:Skybrud.Umbraco.Dashboard.Interfaces.IAnalyticsSite">
            <summary>
            Interface describing a dashboard site with information on how to retrieve statistics from Google Analytics.
            </summary>
        </member>
        <member name="T:Skybrud.Umbraco.Dashboard.Interfaces.IDashboardSite">
            <summary>
            Interface describing a site.
            </summary>
        </member>
        <member name="M:Skybrud.Umbraco.Dashboard.Interfaces.IDashboardSite.GetBlocks">
            <summary>
            Gets an array of blocks for the site.
            </summary>
            <returns>Returns an array of <see cref="T:Skybrud.Umbraco.Dashboard.Interfaces.IDashboardBlock"/>.</returns>
        </member>
        <member name="M:Skybrud.Umbraco.Dashboard.Interfaces.IDashboardSite.GetBlocksForPage(System.Int32)">
            <summary>
            Gets an array of blocks for the page with the specified <code>pageId</code>.
            </summary>
            <returns>Returns an array of <see cref="T:Skybrud.Umbraco.Dashboard.Interfaces.IDashboardBlock"/>.</returns>
        </member>
        <member name="P:Skybrud.Umbraco.Dashboard.Interfaces.IDashboardSite.Content">
            <summary>
            Gets a reference to the underlying instance of <see cref="T:Umbraco.Core.Models.IPublishedContent"/>.
            </summary>
        </member>
        <member name="P:Skybrud.Umbraco.Dashboard.Interfaces.IDashboardSite.Id">
            <summary>
            Gets the ID of the site.
            </summary>
        </member>
        <member name="P:Skybrud.Umbraco.Dashboard.Interfaces.IDashboardSite.Name">
            <summary>
            Gets the name of the site.
            </summary>
        </member>
        <member name="P:Skybrud.Umbraco.Dashboard.Interfaces.IDashboardSite.Url">
            <summary>
            Gets the primary URL of the site.
            </summary>
        </member>
        <member name="P:Skybrud.Umbraco.Dashboard.Interfaces.IAnalyticsSite.Analytics">
            <summary>
            Gets settings of the site for integration with Google Analytics.
            </summary>
        </member>
        <member name="P:Skybrud.Umbraco.Dashboard.Interfaces.IAnalyticsSite.HasAnalytics">
            <summary>
            Gets whether this site has any settings for integration with Google Analytics.
            </summary>
        </member>
        <member name="T:Skybrud.Umbraco.Dashboard.Interfaces.IDashboardBlock">
            <summary>
            Interface describing a basic dashboard block.
            </summary>
        </member>
        <member name="P:Skybrud.Umbraco.Dashboard.Interfaces.IDashboardBlock.Alias">
            <summary>
            Gets the alias of the block.
            </summary>
        </member>
        <member name="P:Skybrud.Umbraco.Dashboard.Interfaces.IDashboardBlock.View">
            <summary>
            Gets the URL to the view of the block.
            </summary>
        </member>
        <member name="T:Skybrud.Umbraco.Dashboard.Interfaces.IDashboardPage">
            <summary>
            Interface representing a page shown in the dashboard.
            </summary>
        </member>
        <member name="M:Skybrud.Umbraco.Dashboard.Interfaces.IDashboardPage.GetBlocks">
            <summary>
            Gets an array of blocks for the page.
            </summary>
            <returns>Returns an array of <see cref="T:Skybrud.Umbraco.Dashboard.Interfaces.IDashboardBlock"/>.</returns>
        </member>
        <member name="P:Skybrud.Umbraco.Dashboard.Interfaces.IDashboardPage.Content">
            <summary>
            Gets a reference to the underlying <see cref="T:Umbraco.Core.Models.IPublishedContent"/>.
            </summary>
        </member>
        <member name="P:Skybrud.Umbraco.Dashboard.Interfaces.IDashboardPage.Site">
            <summary>
            Gets the reference to the site of the page.
            </summary>
        </member>
        <member name="P:Skybrud.Umbraco.Dashboard.Interfaces.IDashboardPage.Id">
            <summary>
            Gets the ID of the page.
            </summary>
        </member>
        <member name="P:Skybrud.Umbraco.Dashboard.Interfaces.IDashboardPage.Name">
            <summary>
            Gets the name of the page.
            </summary>
        </member>
        <member name="P:Skybrud.Umbraco.Dashboard.Interfaces.IDashboardPage.Url">
            <summary>
            Gets the URL of the page.
            </summary>
        </member>
        <member name="T:Skybrud.Umbraco.Dashboard.Interfaces.IDashboardPlugin">
            <summary>
            Interface describing a plugin for the dashboard.
            </summary>
        </member>
        <member name="M:Skybrud.Umbraco.Dashboard.Interfaces.IDashboardPlugin.GetDashboard(System.String,System.Collections.Generic.List{Skybrud.Umbraco.Dashboard.Models.DashboardTab})">
            <summary>
            Method called when Umbraco requests the tabs of the specified <code>section</code>.
            </summary>
            <param name="section">The current section being requested.</param>
            <param name="tabs">The list of tabs that can be manipulated.</param>
        </member>
        <member name="M:Skybrud.Umbraco.Dashboard.Interfaces.IDashboardPlugin.GetSites(System.Collections.Generic.List{Skybrud.Umbraco.Dashboard.Interfaces.IDashboardSite})">
            <summary>
            Method called when the Dashboard requests a list of sites.
            </summary>
            <param name="sites">The list of sites.</param>
        </member>
        <member name="M:Skybrud.Umbraco.Dashboard.Interfaces.IDashboardPlugin.GetSiteById(System.Int32)">
            <summary>
            Gets the site by the specified <code>siteId</code>.
            </summary>
            <param name="siteId">The ID of the site.</param>
        </member>
        <member name="M:Skybrud.Umbraco.Dashboard.Interfaces.IDashboardPlugin.GetPageById(System.Int32)">
            <summary>
            Gets the page by the specified <code>pageId</code>.
            </summary>
            <param name="pageId">The ID of the page.</param>
        </member>
        <member name="P:Skybrud.Umbraco.Dashboard.Models.Analytics.Blocks.AnalyticsBlock.Dashboard">
            <summary>
            Gets a reference to the dashboard context.
            </summary>
        </member>
        <member name="P:Skybrud.Umbraco.Dashboard.Models.Analytics.Blocks.AnalyticsBlock.ServiceUrl">
            <summary>
            Gets the URL of the Google Analytics service.
            </summary>
        </member>
        <member name="T:Skybrud.Umbraco.Dashboard.Models.Blocks.DashboardBlock">
            <summary>
            Class representing a basic block for the dashboard.
            </summary>
        </member>
        <member name="M:Skybrud.Umbraco.Dashboard.Models.Blocks.DashboardBlock.#ctor(System.String)">
            <summary>
            Initializes a new dashboard block based on the specified <code>alias</code>.
            </summary>
            <param name="alias">The alias of the block.</param>
        </member>
        <member name="M:Skybrud.Umbraco.Dashboard.Models.Blocks.DashboardBlock.#ctor(System.String,System.String)">
            <summary>
            Initializes a new dashboard block based on the specified <code>alias</code> and <code>view</code>.
            </summary>
            <param name="alias">The alias of the block.</param>
            <param name="view">The URL of the view.</param>
        </member>
        <member name="P:Skybrud.Umbraco.Dashboard.Models.Analytics.Blocks.AnalyticsChildBlock.HasData">
            <summary>
            Gets whether the block has any data.
            </summary>
        </member>
        <member name="M:Skybrud.Umbraco.Dashboard.Models.LastEdited.LastEditedItem.GetLastEditedData(Skybrud.Umbraco.Dashboard.Interfaces.IDashboardSite)">
            <summary>
            Gets the 15 last edited pages for the specified <code>site</code>.
            </summary>
            <param name="site">The site.</param>
            <returns>Returns an array of <see cref="T:Skybrud.Umbraco.Dashboard.Models.LastEdited.LastEditedItem"/>.</returns>
        </member>
        <member name="P:Skybrud.Umbraco.Dashboard.Models.LastEdited.LastEditedItem.Id">
            <summary>
            Gets the ID of the page.
            </summary>
        </member>
        <member name="P:Skybrud.Umbraco.Dashboard.Models.LastEdited.LastEditedItem.Path">
            <summary>
            Gets the comma separated path of the page.
            </summary>
        </member>
        <member name="P:Skybrud.Umbraco.Dashboard.Models.LastEdited.LastEditedItem.Name">
            <summary>
            Gets the name of the page.
            </summary>
        </member>
        <member name="P:Skybrud.Umbraco.Dashboard.Models.LastEdited.LastEditedItem.IsPublished">
            <summary>
            Gets whether the page is currently published.
            </summary>
        </member>
        <member name="P:Skybrud.Umbraco.Dashboard.Models.LastEdited.LastEditedItem.CreateDate">
            <summary>
            Gets the timestamp for when the page was created.
            </summary>
        </member>
        <member name="P:Skybrud.Umbraco.Dashboard.Models.LastEdited.LastEditedItem.UpdateDate">
            <summary>
            Gets the timestamp for when the page was last updated.
            </summary>
        </member>
        <member name="P:Skybrud.Umbraco.Dashboard.Models.LastEdited.LastEditedItem.Updated">
            <summary>
            Gets a textual representation for when the page was last updated.
            </summary>
        </member>
        <member name="T:Skybrud.Umbraco.Dashboard.Models.Properties.DashboardSitesProperty">
            <summary>
            Dashboard property with statistics about the sites identified by the installed Dashboard plugin.
            </summary>
        </member>
        <member name="M:Skybrud.Umbraco.Dashboard.Models.Properties.DashboardSitesProperty.#ctor(System.Boolean)">
            <summary>
            Initializes a new sites property.
            </summary>
            <param name="includeBlocks">Indicates whether the blocks of the site should be included in the output.</param>
        </member>
        <member name="P:Skybrud.Umbraco.Dashboard.Models.Properties.DashboardSitesProperty.DefaultSite">
            <summary>
            Gets the ID of the default site of the current user, or <code>0</code> if the user doesn't yet have a default site.
            </summary>
        </member>
        <member name="P:Skybrud.Umbraco.Dashboard.Models.Properties.DashboardSitesProperty.Sites">
            <summary>
            Gets an array of the sites.
            </summary>
        </member>
        <member name="M:Skybrud.Umbraco.Dashboard.Models.Analytics.Blocks.VisitsBlock.GetBlock(Skybrud.Umbraco.Dashboard.Models.Analytics.DataQuery)">
            <summary>
            Fetches data for the "Visits" block. Calling this method will
            result on two calls (it not already cached) to the Analytics API.
            The first call will fetch data for the previous period, while the
            second call will fetch data for the current period.
            </summary>
        </member>
        <member name="M:Skybrud.Umbraco.Dashboard.Models.Analytics.DataQuery.FormatChange(System.Double)">
            <summary>
            Formats the specified <code>change</code>. If <code>change</code> is positive (but not zero), a
            <code>+</code> will be prepended to the formatted string.
            </summary>
            <param name="change">The changed value to be formatted.</param>
            <returns>Returns the formatted string.</returns>
        </member>
        <member name="M:Skybrud.Umbraco.Dashboard.Models.Analytics.DataQuery.FormatChange(System.Int32)">
            <summary>
            Formats the specified <code>change</code>. If <code>change</code> is positive (but not zero), a
            <code>+</code> will be prepended to the formatted string.
            </summary>
            <param name="change">The changed value to be formatted.</param>
            <returns>Returns the formatted string.</returns>
        </member>
        <member name="M:Skybrud.Umbraco.Dashboard.Models.Analytics.DataQuery.GetFromDays(Skybrud.Umbraco.Dashboard.Interfaces.IAnalyticsSite,System.Int32,System.Boolean)">
            <summary>
            Initializes a new data query for the specified amount of <code>days</code>.
            </summary>
            <param name="site">The site to get data for.</param>
            <param name="days">The amount of days defining the period to get data for.</param>
            <param name="enableCaching">Specifies whether caching should be enabled.</param>
        </member>
        <member name="M:Skybrud.Umbraco.Dashboard.Models.Analytics.DataQuery.GetFromPeriod(Skybrud.Umbraco.Dashboard.Interfaces.IAnalyticsSite,System.String,System.Boolean)">
            <summary>
            Initializes a new data query for the specified <code>period</code>.
            </summary>
            <param name="site">The site to get data for.</param>
            <param name="period">The period to get data for.</param>
            <param name="enableCaching">Specifies whether caching should be enabled.</param>
        </member>
        <member name="P:Skybrud.Umbraco.Dashboard.Models.Analytics.DataQuery.Service">
            <summary>
            Gets or sets a reference to the Google service used for communicating with the various
            Google APIs.
            </summary>
        </member>
        <member name="P:Skybrud.Umbraco.Dashboard.Models.Analytics.DataQuery.Days">
            <summary>
            Gets or sets the amount of days in the specified period.
            </summary>
        </member>
        <member name="P:Skybrud.Umbraco.Dashboard.Models.Analytics.DataQuery.EnableCaching">
            <summary>
            Gets or sets whether caching should be enabled for this query. Unless testing or
            intentionally forcing the cache to be updated, this should always be set to true.
            </summary>
        </member>
        <member name="P:Skybrud.Umbraco.Dashboard.Models.Analytics.DataQuery.Context">
            <summary>
            Gets a reference to the current dashboard context.
            </summary>
        </member>
        <member name="T:Skybrud.Umbraco.Dashboard.Models.Blocks.DashboardColumnsBlock">
            <summary>
            Class describing a column based block.
            </summary>
        </member>
        <member name="M:Skybrud.Umbraco.Dashboard.Models.Blocks.DashboardColumnsBlock.#ctor">
            <summary>
            Initializes a new columns block.
            </summary>
        </member>
        <member name="M:Skybrud.Umbraco.Dashboard.Models.Blocks.DashboardColumnsBlock.#ctor(System.String)">
            <summary>
            Initializes a new columns block based on the specified <code>alias</code>.
            </summary>
            <param name="alias">The alias of the block.</param>
        </member>
        <member name="M:Skybrud.Umbraco.Dashboard.Models.Blocks.DashboardColumnsBlock.#ctor(System.String,System.String)">
            <summary>
            Initializes a new columns block based on the specified <code>alias</code> and <code>view</code>.
            </summary>
            <param name="alias">The alias of the block.</param>
            <param name="view">The URL of the view.</param>
        </member>
        <member name="P:Skybrud.Umbraco.Dashboard.Models.Blocks.DashboardColumnsBlock.Columns">
            <summary>
            Gets a list of all columns (blocks) added to the block.
            </summary>
        </member>
        <member name="T:Skybrud.Umbraco.Dashboard.Models.DashboardPage">
            <summary>
            Represents a page in Umbraco for which statistics can be accessed in the Dashboard.
            </summary>
        </member>
        <member name="T:Skybrud.Umbraco.Dashboard.Models.DashboardTab">
            <summary>
            Class describing a dashboard tab.
            </summary>
        </member>
        <member name="M:Skybrud.Umbraco.Dashboard.Models.DashboardTab.#ctor">
            <summary>
            Initializes a new tab with an empty list of properties.
            </summary>
        </member>
        <member name="M:Skybrud.Umbraco.Dashboard.Models.DashboardTab.#ctor(Skybrud.Umbraco.Dashboard.Models.Properties.DashboardProperty[])">
            <summary>
            Initializes a new tab with the specified array of <code>properties</code>.
            </summary>
            <param name="properties">The properties to be added to the tab.</param>
        </member>
        <member name="P:Skybrud.Umbraco.Dashboard.Models.DashboardTab.Label">
            <summary>
            Gets or sets the label (title) of the tab.
            </summary>
        </member>
        <member name="P:Skybrud.Umbraco.Dashboard.Models.DashboardTab.Alias">
            <summary>
            Gets or sets the alias of the tab.
            </summary>
        </member>
        <member name="P:Skybrud.Umbraco.Dashboard.Models.DashboardTab.Properties">
            <summary>
            Gets a list containing all the properties added to the tab.
            </summary>
        </member>
        <member name="T:Skybrud.Umbraco.Dashboard.Models.Properties.DashboardBlocksProperty">
            <summary>
            Class representing a block based dashboard property.
            </summary>
        </member>
        <member name="M:Skybrud.Umbraco.Dashboard.Models.Properties.DashboardBlocksProperty.#ctor(System.String)">
            <summary>
            Initializes a new dashboard property with the specified <code>alias</code>.
            </summary>
            <param name="alias">The alias of the property.</param>
        </member>
        <member name="M:Skybrud.Umbraco.Dashboard.Models.Properties.DashboardBlocksProperty.#ctor(System.String,System.String)">
            <summary>
            Initializes a new dashboard property with the specified <code>alias</code> and <code>view</code>.
            </summary>
            <param name="alias">The alias of the property.</param>
            <param name="view">THe URL to the view of the property.</param>
        </member>
        <member name="P:Skybrud.Umbraco.Dashboard.Models.Properties.DashboardBlocksProperty.Blocks">
            <summary>
            Gets a list of all the blocks added to the property.
            </summary>
        </member>
        <member name="T:Skybrud.Umbraco.Dashboard.Models.Properties.DashboardDataProperty">
            <summary>
            Class describing a data based dashboard property.
            </summary>
        </member>
        <member name="M:Skybrud.Umbraco.Dashboard.Models.Properties.DashboardDataProperty.#ctor(System.String)">
            <summary>
            Initializes a new dashboard property with the specified <code>alias</code>.
            </summary>
            <param name="alias">The alias of the property.</param>
        </member>
        <member name="M:Skybrud.Umbraco.Dashboard.Models.Properties.DashboardDataProperty.#ctor(System.String,System.String)">
            <summary>
            Initializes a new dashboard property with the specified <code>alias</code>.
            </summary>
            <param name="alias">The alias of the property.</param>
            <param name="view">THe URL to the view of the property.</param>
        </member>
        <member name="P:Skybrud.Umbraco.Dashboard.Models.Properties.DashboardDataProperty.Data">
            <summary>
            Gets or sets the data property. The value can be any object that can be serialized
            using JSON.net.
            </summary>
        </member>
        <member name="T:Skybrud.Umbraco.Dashboard.Plugins.DashboardPluginBase">
            <summary>
            The <code>IDashboardPlugin</code> interface currently only has a single method, but more
            will be added in the future. If you don't want to implement all methods, you can inherit
            from this class rather than the interface, and since you can stick to implementing the
            methods that you actually need.
            </summary>
        </member>
        <member name="P:Skybrud.Umbraco.Dashboard.Plugins.DashboardPluginBase.User">
            <summary>
            Gets a reference to the current backoffice user.
            </summary>
        </member>
        <member name="T:Skybrud.Umbraco.Dashboard.Plugins.DashboardPluginCollection">
            <summary>
            Collection used for keeping track of the added dashboard plugins.
            </summary>
        </member>
        <member name="M:Skybrud.Umbraco.Dashboard.Plugins.DashboardPluginCollection.Clear">
            <summary>
            Removes all plugins.
            </summary>
        </member>
        <member name="M:Skybrud.Umbraco.Dashboard.Plugins.DashboardPluginCollection.Add(Skybrud.Umbraco.Dashboard.Interfaces.IDashboardPlugin)">
            <summary>
            Adds the specified <code>plugin</code> to the end of the collection.
            </summary>
            <param name="plugin">The plugin top be added.</param>
        </member>
        <member name="M:Skybrud.Umbraco.Dashboard.Plugins.DashboardPluginCollection.AddAt(Skybrud.Umbraco.Dashboard.Interfaces.IDashboardPlugin,System.Int32)">
            <summary>
            Adds the specified <code>plugin</code> to at <code>index</code> of the collection.
            </summary>
            <param name="plugin">The plugin top be added.</param>
            <param name="index">The index the plugin should be added at.</param>
        </member>
        <member name="P:Skybrud.Umbraco.Dashboard.Plugins.DashboardPluginCollection.Count">
            <summary>
            Gets the amount of plugins added to the collection.
            </summary>
        </member>
        <member name="T:Skybrud.Umbraco.Dashboard.Plugins.Umbraco.UmbracoDashboardPlugin">
            <summary>
            Dashboard plugin reponsible for adding tabs as specified in <code>/config/Dashboard.config</code>.
            </summary>
        </member>
    </members>
</doc>
